﻿<?xml version="1.0" encoding="utf-8"?>
<!--DO NOT EDIT. This document is generated by PSoC Creator design builds.-->
<PSoCCreatorIdeExport Version="1">
  <Device Part="CY8C5888LTI-LP097" Processor="CortexM3" DeviceID="2E161069" />
  <Toolchains>
    <Toolchain Name="ARM GCC Generic" Selected="True">
      <Tool Name="prebuild" Command="" Options="" />
      <Tool Name="assembler" Command="arm-none-eabi-as.exe" Options="-mcpu=cortex-m3 -mthumb -I. -IGenerated_Source\PSoC5 -alh=${OutputDir}/${CompileFile}.lst -g -W" />
      <Tool Name="compiler" Command="arm-none-eabi-gcc.exe" Options="-mcpu=cortex-m3 -mthumb -I. -IGenerated_Source\PSoC5 -Wa,-alh=${OutputDir}/${CompileFile}.lst -g -D DEBUG -D CY_CORE_ID=0 -Wall -ffunction-sections -ffat-lto-objects -Og" />
      <Tool Name="linker" Command="arm-none-eabi-gcc.exe" Options="-mcpu=cortex-m3 -mthumb -l m -L Generated_Source\PSoC5 -Wl,-Map,${OutputDir}/${ProjectShortName}.map -T Generated_Source\PSoC5\cm3gcc.ld -specs=nano.specs -Wl,--gc-sections -u_printf_float -g -ffunction-sections -Og -ffat-lto-objects" />
      <Tool Name="postbuild" Command="" Options="" />
    </Toolchain>
    <Toolchain Name="ARM MDK Generic" Selected="False">
      <Tool Name="prebuild" Command="" Options="" />
      <Tool Name="assembler" Command="armasm.exe" Options="--cpu=Cortex-M3 --diag_style=gnu --thumb -i. -iGenerated_Source\PSoC5 -g --list=${OutputDir}/${CompileFile}.lst &quot;--predefine=__MICROLIB SETA 1&quot;" />
      <Tool Name="compiler" Command="armcc.exe" Options="--cpu=Cortex-M3 --C99 --diag_style=gnu -I. -IGenerated_Source\PSoC5 --list --signed_chars -g -D DEBUG -D CY_CORE_ID=0 -O0 --split_sections -D__MICROLIB" />
      <Tool Name="linker" Command="armlink.exe" Options="--cpu=Cortex-M3 --diag_style=gnu --no_startup --library_type=microlib --map --list ${OutputDir}/${ProjectShortName}.map --scatter Generated_Source\PSoC5\Cm3RealView.scat" />
      <Tool Name="postbuild" Command="" Options="" />
    </Toolchain>
    <Toolchain Name="ARM IAR Generic" Selected="False">
      <Tool Name="prebuild" Command="" Options="" />
      <Tool Name="assembler" Command="iasmarm.exe" Options="--cpu Cortex-M3 -I. -IGenerated_Source\PSoC5 -s+ -M&lt;&gt; -w+ -r -DDEBUG --fpu None" />
      <Tool Name="compiler" Command="iccarm.exe" Options="--cpu Cortex-M3 -I. -IGenerated_Source\PSoC5 -D DEBUG -D CY_CORE_ID=0 -I. -IGenerated_Source\PSoC5 -D DEBUG -D CY_CORE_ID=0 --no_cse --no_unroll --no_inline --no_code_motion --no_tbaa --no_clustering --no_scheduling --debug --endian=little -e --fpu=None -On --no_wrap_diagnostics" />
      <Tool Name="linker" Command="ilinkarm.exe" Options="--semihosting --entry __iar_program_start --config Generated_Source\PSoC5\Cm3Iar.icf" />
      <Tool Name="postbuild" Command="" Options="" />
    </Toolchain>
  </Toolchains>
  <Project Name="Design01" Path="D:\Year3\ECE 3091\Coding\FindingPuck(4)\Design01.cydsn" Version="5.80" Type="Normal">
    <CMSIS_SVD_File>Design01.svd</CMSIS_SVD_File>
    <Datasheet />
    <LinkerFiles>
      <LinkerFile Toolchain="ARM GCC Generic">.\Generated_Source\PSoC5\cm3gcc.ld</LinkerFile>
      <LinkerFile Toolchain="ARM MDK Generic">.\Generated_Source\PSoC5\Cm3RealView.scat</LinkerFile>
      <LinkerFile Toolchain="ARM IAR Generic">.\Generated_Source\PSoC5\Cm3Iar.icf</LinkerFile>
    </LinkerFiles>
    <Folders>
      <Folder BuildType="STRICT" Path="D:\Year3\ECE 3091\Coding\FindingPuck(4)\Design01.cydsn">
        <Files Root="D:\Year3\ECE 3091\Coding\FindingPuck(4)\Design01.cydsn">
          <File BuildType="BUILD" Toolchain="">main.c</File>
          <File BuildType="BUILD" Toolchain="">cyapicallbacks.h</File>
        </Files>
      </Folder>
      <Folder BuildType="STRICT" Path="D:\Year3\ECE 3091\Coding\FindingPuck(4)\Design01.cydsn\Generated_Source\PSoC5">
        <Files Root="D:\Year3\ECE 3091\Coding\FindingPuck(4)\Design01.cydsn">
          <File BuildType="BUILD" Toolchain="">Generated_Source\PSoC5\cyfitter_cfg.h</File>
          <File BuildType="BUILD" Toolchain="">Generated_Source\PSoC5\cyfitter_cfg.c</File>
          <File BuildType="BUILD" Toolchain="">Generated_Source\PSoC5\cymetadata.c</File>
          <File BuildType="BUILD" Toolchain="">Generated_Source\PSoC5\cydevice.h</File>
          <File BuildType="BUILD" Toolchain="">Generated_Source\PSoC5\cydevicegnu.inc</File>
          <File BuildType="BUILD" Toolchain="">Generated_Source\PSoC5\cydevicerv.inc</File>
          <File BuildType="BUILD" Toolchain="">Generated_Source\PSoC5\cydeviceiar.inc</File>
          <File BuildType="BUILD" Toolchain="">Generated_Source\PSoC5\cydevice_trm.h</File>
          <File BuildType="BUILD" Toolchain="">Generated_Source\PSoC5\cydevicegnu_trm.inc</File>
          <File BuildType="BUILD" Toolchain="">Generated_Source\PSoC5\cydevicerv_trm.inc</File>
          <File BuildType="BUILD" Toolchain="">Generated_Source\PSoC5\cydeviceiar_trm.inc</File>
          <File BuildType="BUILD" Toolchain="">Generated_Source\PSoC5\cyfittergnu.inc</File>
          <File BuildType="BUILD" Toolchain="">Generated_Source\PSoC5\cyfitterrv.inc</File>
          <File BuildType="BUILD" Toolchain="">Generated_Source\PSoC5\cyfitteriar.inc</File>
          <File BuildType="BUILD" Toolchain="">Generated_Source\PSoC5\cyfitter.h</File>
          <File BuildType="BUILD" Toolchain="">Generated_Source\PSoC5\cydisabledsheets.h</File>
          <File BuildType="BUILD" Toolchain="">Generated_Source\PSoC5\QuadDec_R.c</File>
          <File BuildType="BUILD" Toolchain="">Generated_Source\PSoC5\QuadDec_R.h</File>
          <File BuildType="BUILD" Toolchain="">Generated_Source\PSoC5\QuadDec_R_PM.c</File>
          <File BuildType="BUILD" Toolchain="">Generated_Source\PSoC5\Phase_A_R_aliases.h</File>
          <File BuildType="BUILD" Toolchain="">Generated_Source\PSoC5\Phase_A_R.c</File>
          <File BuildType="BUILD" Toolchain="">Generated_Source\PSoC5\Phase_A_R.h</File>
          <File BuildType="BUILD" Toolchain="">Generated_Source\PSoC5\Phase_B_R_aliases.h</File>
          <File BuildType="BUILD" Toolchain="">Generated_Source\PSoC5\Phase_B_R.c</File>
          <File BuildType="BUILD" Toolchain="">Generated_Source\PSoC5\Phase_B_R.h</File>
          <File BuildType="BUILD" Toolchain="">Generated_Source\PSoC5\Clock_1.c</File>
          <File BuildType="BUILD" Toolchain="">Generated_Source\PSoC5\Clock_1.h</File>
          <File BuildType="BUILD" Toolchain="">Generated_Source\PSoC5\UART_1.c</File>
          <File BuildType="BUILD" Toolchain="">Generated_Source\PSoC5\UART_1.h</File>
          <File BuildType="BUILD" Toolchain="">Generated_Source\PSoC5\UART_1_PM.c</File>
          <File BuildType="BUILD" Toolchain="">Generated_Source\PSoC5\UART_1_INT.c</File>
          <File BuildType="BUILD" Toolchain="">Generated_Source\PSoC5\UART_1_BOOT.c</File>
          <File BuildType="BUILD" Toolchain="">Generated_Source\PSoC5\Pin_Motor_R1_aliases.h</File>
          <File BuildType="BUILD" Toolchain="">Generated_Source\PSoC5\Pin_Motor_R1.c</File>
          <File BuildType="BUILD" Toolchain="">Generated_Source\PSoC5\Pin_Motor_R1.h</File>
          <File BuildType="BUILD" Toolchain="">Generated_Source\PSoC5\Pin_Motor_R2_aliases.h</File>
          <File BuildType="BUILD" Toolchain="">Generated_Source\PSoC5\Pin_Motor_R2.c</File>
          <File BuildType="BUILD" Toolchain="">Generated_Source\PSoC5\Pin_Motor_R2.h</File>
          <File BuildType="BUILD" Toolchain="">Generated_Source\PSoC5\Pin_Motor_L1_aliases.h</File>
          <File BuildType="BUILD" Toolchain="">Generated_Source\PSoC5\Pin_Motor_L1.c</File>
          <File BuildType="BUILD" Toolchain="">Generated_Source\PSoC5\Pin_Motor_L1.h</File>
          <File BuildType="BUILD" Toolchain="">Generated_Source\PSoC5\Pin_Motor_L2_aliases.h</File>
          <File BuildType="BUILD" Toolchain="">Generated_Source\PSoC5\Pin_Motor_L2.c</File>
          <File BuildType="BUILD" Toolchain="">Generated_Source\PSoC5\Pin_Motor_L2.h</File>
          <File BuildType="BUILD" Toolchain="">Generated_Source\PSoC5\QuadDec_L.c</File>
          <File BuildType="BUILD" Toolchain="">Generated_Source\PSoC5\QuadDec_L.h</File>
          <File BuildType="BUILD" Toolchain="">Generated_Source\PSoC5\QuadDec_L_PM.c</File>
          <File BuildType="BUILD" Toolchain="">Generated_Source\PSoC5\Phase_A_L_aliases.h</File>
          <File BuildType="BUILD" Toolchain="">Generated_Source\PSoC5\Phase_A_L.c</File>
          <File BuildType="BUILD" Toolchain="">Generated_Source\PSoC5\Phase_A_L.h</File>
          <File BuildType="BUILD" Toolchain="">Generated_Source\PSoC5\Phase_B_L_aliases.h</File>
          <File BuildType="BUILD" Toolchain="">Generated_Source\PSoC5\Phase_B_L.c</File>
          <File BuildType="BUILD" Toolchain="">Generated_Source\PSoC5\Phase_B_L.h</File>
          <File BuildType="BUILD" Toolchain="">Generated_Source\PSoC5\Clock_2.c</File>
          <File BuildType="BUILD" Toolchain="">Generated_Source\PSoC5\Clock_2.h</File>
          <File BuildType="BUILD" Toolchain="">Generated_Source\PSoC5\Rst.h</File>
          <File BuildType="BUILD" Toolchain="">Generated_Source\PSoC5\Rst.c</File>
          <File BuildType="BUILD" Toolchain="">Generated_Source\PSoC5\Rst_PM.c</File>
          <File BuildType="BUILD" Toolchain="">Generated_Source\PSoC5\PWM_R.c</File>
          <File BuildType="BUILD" Toolchain="">Generated_Source\PSoC5\PWM_R.h</File>
          <File BuildType="BUILD" Toolchain="">Generated_Source\PSoC5\PWM_R_PM.c</File>
          <File BuildType="BUILD" Toolchain="">Generated_Source\PSoC5\PWM_L.c</File>
          <File BuildType="BUILD" Toolchain="">Generated_Source\PSoC5\PWM_L.h</File>
          <File BuildType="BUILD" Toolchain="">Generated_Source\PSoC5\PWM_L_PM.c</File>
          <File BuildType="BUILD" Toolchain="">Generated_Source\PSoC5\Infrared_aliases.h</File>
          <File BuildType="BUILD" Toolchain="">Generated_Source\PSoC5\Infrared.c</File>
          <File BuildType="BUILD" Toolchain="">Generated_Source\PSoC5\Infrared.h</File>
          <File BuildType="BUILD" Toolchain="">Generated_Source\PSoC5\Infrared2_aliases.h</File>
          <File BuildType="BUILD" Toolchain="">Generated_Source\PSoC5\Infrared2.c</File>
          <File BuildType="BUILD" Toolchain="">Generated_Source\PSoC5\Infrared2.h</File>
          <File BuildType="BUILD" Toolchain="">Generated_Source\PSoC5\Colour_Hz.c</File>
          <File BuildType="BUILD" Toolchain="">Generated_Source\PSoC5\Colour_Hz.h</File>
          <File BuildType="BUILD" Toolchain="">Generated_Source\PSoC5\Colour_Hz_PM.c</File>
          <File BuildType="BUILD" Toolchain="">Generated_Source\PSoC5\Colour.c</File>
          <File BuildType="BUILD" Toolchain="">Generated_Source\PSoC5\Colour.h</File>
          <File BuildType="BUILD" Toolchain="">Generated_Source\PSoC5\Colour_Rst.h</File>
          <File BuildType="BUILD" Toolchain="">Generated_Source\PSoC5\Colour_Rst.c</File>
          <File BuildType="BUILD" Toolchain="">Generated_Source\PSoC5\Colour_Rst_PM.c</File>
          <File BuildType="BUILD" Toolchain="">Generated_Source\PSoC5\OutColour_aliases.h</File>
          <File BuildType="BUILD" Toolchain="">Generated_Source\PSoC5\OutColour.c</File>
          <File BuildType="BUILD" Toolchain="">Generated_Source\PSoC5\OutColour.h</File>
          <File BuildType="BUILD" Toolchain="">Generated_Source\PSoC5\Clock_3.c</File>
          <File BuildType="BUILD" Toolchain="">Generated_Source\PSoC5\Clock_3.h</File>
          <File BuildType="BUILD" Toolchain="">Generated_Source\PSoC5\S0_aliases.h</File>
          <File BuildType="BUILD" Toolchain="">Generated_Source\PSoC5\S0.c</File>
          <File BuildType="BUILD" Toolchain="">Generated_Source\PSoC5\S0.h</File>
          <File BuildType="BUILD" Toolchain="">Generated_Source\PSoC5\S1_aliases.h</File>
          <File BuildType="BUILD" Toolchain="">Generated_Source\PSoC5\S1.c</File>
          <File BuildType="BUILD" Toolchain="">Generated_Source\PSoC5\S1.h</File>
          <File BuildType="BUILD" Toolchain="">Generated_Source\PSoC5\S2_aliases.h</File>
          <File BuildType="BUILD" Toolchain="">Generated_Source\PSoC5\S2.c</File>
          <File BuildType="BUILD" Toolchain="">Generated_Source\PSoC5\S2.h</File>
          <File BuildType="BUILD" Toolchain="">Generated_Source\PSoC5\S3_aliases.h</File>
          <File BuildType="BUILD" Toolchain="">Generated_Source\PSoC5\S3.c</File>
          <File BuildType="BUILD" Toolchain="">Generated_Source\PSoC5\S3.h</File>
          <File BuildType="BUILD" Toolchain="">Generated_Source\PSoC5\LED_Colour_aliases.h</File>
          <File BuildType="BUILD" Toolchain="">Generated_Source\PSoC5\LED_Colour.c</File>
          <File BuildType="BUILD" Toolchain="">Generated_Source\PSoC5\LED_Colour.h</File>
          <File BuildType="BUILD" Toolchain="">Generated_Source\PSoC5\PWM_Servo.c</File>
          <File BuildType="BUILD" Toolchain="">Generated_Source\PSoC5\PWM_Servo.h</File>
          <File BuildType="BUILD" Toolchain="">Generated_Source\PSoC5\PWM_Servo_PM.c</File>
          <File BuildType="BUILD" Toolchain="">Generated_Source\PSoC5\Clock_4.c</File>
          <File BuildType="BUILD" Toolchain="">Generated_Source\PSoC5\Clock_4.h</File>
          <File BuildType="BUILD" Toolchain="">Generated_Source\PSoC5\QuadDec_R_Cnt16.c</File>
          <File BuildType="BUILD" Toolchain="">Generated_Source\PSoC5\QuadDec_R_Cnt16.h</File>
          <File BuildType="BUILD" Toolchain="">Generated_Source\PSoC5\QuadDec_R_Cnt16_PM.c</File>
          <File BuildType="BUILD" Toolchain="">Generated_Source\PSoC5\UART_1_IntClock.c</File>
          <File BuildType="BUILD" Toolchain="">Generated_Source\PSoC5\UART_1_IntClock.h</File>
          <File BuildType="BUILD" Toolchain="">Generated_Source\PSoC5\QuadDec_L_Cnt16.c</File>
          <File BuildType="BUILD" Toolchain="">Generated_Source\PSoC5\QuadDec_L_Cnt16.h</File>
          <File BuildType="BUILD" Toolchain="">Generated_Source\PSoC5\QuadDec_L_Cnt16_PM.c</File>
          <File BuildType="BUILD" Toolchain="">Generated_Source\PSoC5\cy_em_eeprom.c</File>
          <File BuildType="BUILD" Toolchain="">Generated_Source\PSoC5\cy_em_eeprom.h</File>
          <File BuildType="BUILD" Toolchain="ARM GCC Generic">Generated_Source\PSoC5\cm3gcc.ld</File>
          <File BuildType="BUILD" Toolchain="ARM MDK Generic">Generated_Source\PSoC5\Cm3RealView.scat</File>
          <File BuildType="BUILD" Toolchain="">Generated_Source\PSoC5\Cm3Start.c</File>
          <File BuildType="BUILD" Toolchain="">Generated_Source\PSoC5\core_cm3.h</File>
          <File BuildType="BUILD" Toolchain="">Generated_Source\PSoC5\core_cm3_psoc5.h</File>
          <File BuildType="BUILD" Toolchain="ARM GCC Generic">Generated_Source\PSoC5\CyBootAsmGnu.s</File>
          <File BuildType="BUILD" Toolchain="ARM MDK Generic">Generated_Source\PSoC5\CyBootAsmRv.s</File>
          <File BuildType="BUILD" Toolchain="">Generated_Source\PSoC5\CyDmac.c</File>
          <File BuildType="BUILD" Toolchain="">Generated_Source\PSoC5\CyDmac.h</File>
          <File BuildType="BUILD" Toolchain="">Generated_Source\PSoC5\CyFlash.c</File>
          <File BuildType="BUILD" Toolchain="">Generated_Source\PSoC5\CyFlash.h</File>
          <File BuildType="BUILD" Toolchain="">Generated_Source\PSoC5\CyLib.c</File>
          <File BuildType="BUILD" Toolchain="">Generated_Source\PSoC5\CyLib.h</File>
          <File BuildType="BUILD" Toolchain="">Generated_Source\PSoC5\cypins.h</File>
          <File BuildType="BUILD" Toolchain="">Generated_Source\PSoC5\cyPm.c</File>
          <File BuildType="BUILD" Toolchain="">Generated_Source\PSoC5\cyPm.h</File>
          <File BuildType="BUILD" Toolchain="">Generated_Source\PSoC5\CySpc.c</File>
          <File BuildType="BUILD" Toolchain="">Generated_Source\PSoC5\CySpc.h</File>
          <File BuildType="BUILD" Toolchain="">Generated_Source\PSoC5\cytypes.h</File>
          <File BuildType="BUILD" Toolchain="">Generated_Source\PSoC5\cyutils.c</File>
          <File BuildType="BUILD" Toolchain="">Generated_Source\PSoC5\core_cmFunc.h</File>
          <File BuildType="BUILD" Toolchain="">Generated_Source\PSoC5\core_cmInstr.h</File>
          <File BuildType="BUILD" Toolchain="ARM IAR Generic">Generated_Source\PSoC5\Cm3Iar.icf</File>
          <File BuildType="BUILD" Toolchain="ARM IAR Generic">Generated_Source\PSoC5\CyBootAsmIar.s</File>
          <File BuildType="BUILD" Toolchain="">Generated_Source\PSoC5\cmsis_armcc.h</File>
          <File BuildType="BUILD" Toolchain="">Generated_Source\PSoC5\cmsis_gcc.h</File>
          <File BuildType="BUILD" Toolchain="">Generated_Source\PSoC5\cmsis_compiler.h</File>
          <File BuildType="BUILD" Toolchain="">Generated_Source\PSoC5\project.h</File>
          <File BuildType="BUILD" Toolchain="">Generated_Source\PSoC5\cycodeshareimport.ld</File>
          <File BuildType="BUILD" Toolchain="">Generated_Source\PSoC5\cycodeshareexport.ld</File>
          <File BuildType="BUILD" Toolchain="">Generated_Source\PSoC5\cycodeshareimport.scat</File>
          <File BuildType="BUILD" Toolchain="">Generated_Source\PSoC5\Clock_5.c</File>
          <File BuildType="BUILD" Toolchain="">Generated_Source\PSoC5\Clock_5.h</File>
          <File BuildType="BUILD" Toolchain="">Generated_Source\PSoC5\isr_sonar_1.c</File>
          <File BuildType="BUILD" Toolchain="">Generated_Source\PSoC5\isr_sonar_1.h</File>
          <File BuildType="BUILD" Toolchain="">Generated_Source\PSoC5\Sonar_1.c</File>
          <File BuildType="BUILD" Toolchain="">Generated_Source\PSoC5\Sonar_1.h</File>
          <File BuildType="BUILD" Toolchain="">Generated_Source\PSoC5\Sonar_1_PM.c</File>
          <File BuildType="BUILD" Toolchain="">Generated_Source\PSoC5\Trigger_1_aliases.h</File>
          <File BuildType="BUILD" Toolchain="">Generated_Source\PSoC5\Trigger_1.c</File>
          <File BuildType="BUILD" Toolchain="">Generated_Source\PSoC5\Trigger_1.h</File>
          <File BuildType="BUILD" Toolchain="">Generated_Source\PSoC5\Echo_1_aliases.h</File>
          <File BuildType="BUILD" Toolchain="">Generated_Source\PSoC5\Echo_1.c</File>
          <File BuildType="BUILD" Toolchain="">Generated_Source\PSoC5\Echo_1.h</File>
          <File BuildType="BUILD" Toolchain="">Generated_Source\PSoC5\Trigger_2_aliases.h</File>
          <File BuildType="BUILD" Toolchain="">Generated_Source\PSoC5\Trigger_2.c</File>
          <File BuildType="BUILD" Toolchain="">Generated_Source\PSoC5\Trigger_2.h</File>
          <File BuildType="BUILD" Toolchain="">Generated_Source\PSoC5\Echo_2_aliases.h</File>
          <File BuildType="BUILD" Toolchain="">Generated_Source\PSoC5\Echo_2.c</File>
          <File BuildType="BUILD" Toolchain="">Generated_Source\PSoC5\Echo_2.h</File>
          <File BuildType="BUILD" Toolchain="">Generated_Source\PSoC5\isr_sonar_2.c</File>
          <File BuildType="BUILD" Toolchain="">Generated_Source\PSoC5\isr_sonar_2.h</File>
          <File BuildType="BUILD" Toolchain="">Generated_Source\PSoC5\Sonar_2.c</File>
          <File BuildType="BUILD" Toolchain="">Generated_Source\PSoC5\Sonar_2.h</File>
          <File BuildType="BUILD" Toolchain="">Generated_Source\PSoC5\Sonar_2_PM.c</File>
          <File BuildType="BUILD" Toolchain="">Generated_Source\PSoC5\Trigger_3_aliases.h</File>
          <File BuildType="BUILD" Toolchain="">Generated_Source\PSoC5\Trigger_3.c</File>
          <File BuildType="BUILD" Toolchain="">Generated_Source\PSoC5\Trigger_3.h</File>
          <File BuildType="BUILD" Toolchain="">Generated_Source\PSoC5\Echo_3_aliases.h</File>
          <File BuildType="BUILD" Toolchain="">Generated_Source\PSoC5\Echo_3.c</File>
          <File BuildType="BUILD" Toolchain="">Generated_Source\PSoC5\Echo_3.h</File>
          <File BuildType="BUILD" Toolchain="">Generated_Source\PSoC5\isr_sonar_3.c</File>
          <File BuildType="BUILD" Toolchain="">Generated_Source\PSoC5\isr_sonar_3.h</File>
          <File BuildType="BUILD" Toolchain="">Generated_Source\PSoC5\Sonar_3.c</File>
          <File BuildType="BUILD" Toolchain="">Generated_Source\PSoC5\Sonar_3.h</File>
          <File BuildType="BUILD" Toolchain="">Generated_Source\PSoC5\Sonar_3_PM.c</File>
          <File BuildType="BUILD" Toolchain="">Generated_Source\PSoC5\Trigger_4_aliases.h</File>
          <File BuildType="BUILD" Toolchain="">Generated_Source\PSoC5\Trigger_4.c</File>
          <File BuildType="BUILD" Toolchain="">Generated_Source\PSoC5\Trigger_4.h</File>
          <File BuildType="BUILD" Toolchain="">Generated_Source\PSoC5\Echo_4_aliases.h</File>
          <File BuildType="BUILD" Toolchain="">Generated_Source\PSoC5\Echo_4.c</File>
          <File BuildType="BUILD" Toolchain="">Generated_Source\PSoC5\Echo_4.h</File>
          <File BuildType="BUILD" Toolchain="">Generated_Source\PSoC5\isr_sonar_4.c</File>
          <File BuildType="BUILD" Toolchain="">Generated_Source\PSoC5\isr_sonar_4.h</File>
          <File BuildType="BUILD" Toolchain="">Generated_Source\PSoC5\Sonar_4.c</File>
          <File BuildType="BUILD" Toolchain="">Generated_Source\PSoC5\Sonar_4.h</File>
          <File BuildType="BUILD" Toolchain="">Generated_Source\PSoC5\Sonar_4_PM.c</File>
          <File BuildType="BUILD" Toolchain="">Generated_Source\PSoC5\Blue_aliases.h</File>
          <File BuildType="BUILD" Toolchain="">Generated_Source\PSoC5\Blue.c</File>
          <File BuildType="BUILD" Toolchain="">Generated_Source\PSoC5\Blue.h</File>
          <File BuildType="BUILD" Toolchain="">Generated_Source\PSoC5\Red_aliases.h</File>
          <File BuildType="BUILD" Toolchain="">Generated_Source\PSoC5\Red.c</File>
          <File BuildType="BUILD" Toolchain="">Generated_Source\PSoC5\Red.h</File>
          <File BuildType="BUILD" Toolchain="">Generated_Source\PSoC5\Green_aliases.h</File>
          <File BuildType="BUILD" Toolchain="">Generated_Source\PSoC5\Green.c</File>
          <File BuildType="BUILD" Toolchain="">Generated_Source\PSoC5\Green.h</File>
          <File BuildType="BUILD" Toolchain="">Generated_Source\PSoC5\servo_aliases.h</File>
          <File BuildType="BUILD" Toolchain="">Generated_Source\PSoC5\servo.c</File>
          <File BuildType="BUILD" Toolchain="">Generated_Source\PSoC5\servo.h</File>
          <File BuildType="BUILD" Toolchain="">Generated_Source\PSoC5\Start_aliases.h</File>
          <File BuildType="BUILD" Toolchain="">Generated_Source\PSoC5\Start.c</File>
          <File BuildType="BUILD" Toolchain="">Generated_Source\PSoC5\Start.h</File>
          <File BuildType="BUILD" Toolchain="">Generated_Source\PSoC5\Compass.c</File>
          <File BuildType="BUILD" Toolchain="">Generated_Source\PSoC5\Compass.h</File>
          <File BuildType="BUILD" Toolchain="">Generated_Source\PSoC5\Compass_BOOT.c</File>
          <File BuildType="BUILD" Toolchain="">Generated_Source\PSoC5\Compass_INT.c</File>
          <File BuildType="BUILD" Toolchain="">Generated_Source\PSoC5\Compass_PM.c</File>
          <File BuildType="BUILD" Toolchain="">Generated_Source\PSoC5\Compass_SLAVE.c</File>
          <File BuildType="BUILD" Toolchain="">Generated_Source\PSoC5\Compass_MASTER.c</File>
          <File BuildType="BUILD" Toolchain="">Generated_Source\PSoC5\Compass_PVT.h</File>
          <File BuildType="BUILD" Toolchain="">Generated_Source\PSoC5\SCL_aliases.h</File>
          <File BuildType="BUILD" Toolchain="">Generated_Source\PSoC5\SCL.c</File>
          <File BuildType="BUILD" Toolchain="">Generated_Source\PSoC5\SCL.h</File>
          <File BuildType="BUILD" Toolchain="">Generated_Source\PSoC5\SDA_aliases.h</File>
          <File BuildType="BUILD" Toolchain="">Generated_Source\PSoC5\SDA.c</File>
          <File BuildType="BUILD" Toolchain="">Generated_Source\PSoC5\SDA.h</File>
          <File BuildType="BUILD" Toolchain="">Generated_Source\PSoC5\PWM_Grip.c</File>
          <File BuildType="BUILD" Toolchain="">Generated_Source\PSoC5\PWM_Grip.h</File>
          <File BuildType="BUILD" Toolchain="">Generated_Source\PSoC5\PWM_Grip_PM.c</File>
          <File BuildType="BUILD" Toolchain="">Generated_Source\PSoC5\lift_aliases.h</File>
          <File BuildType="BUILD" Toolchain="">Generated_Source\PSoC5\lift.c</File>
          <File BuildType="BUILD" Toolchain="">Generated_Source\PSoC5\lift.h</File>
          <File BuildType="BUILD" Toolchain="">Generated_Source\PSoC5\grip_aliases.h</File>
          <File BuildType="BUILD" Toolchain="">Generated_Source\PSoC5\grip.c</File>
          <File BuildType="BUILD" Toolchain="">Generated_Source\PSoC5\grip.h</File>
          <File BuildType="BUILD" Toolchain="">Generated_Source\PSoC5\LimitSWBackR_aliases.h</File>
          <File BuildType="BUILD" Toolchain="">Generated_Source\PSoC5\LimitSWBackR.c</File>
          <File BuildType="BUILD" Toolchain="">Generated_Source\PSoC5\LimitSWBackR.h</File>
          <File BuildType="BUILD" Toolchain="">Generated_Source\PSoC5\LimitSWBackL_aliases.h</File>
          <File BuildType="BUILD" Toolchain="">Generated_Source\PSoC5\LimitSWBackL.c</File>
          <File BuildType="BUILD" Toolchain="">Generated_Source\PSoC5\LimitSWBackL.h</File>
          <File BuildType="BUILD" Toolchain="">Generated_Source\PSoC5\Infrared3_aliases.h</File>
          <File BuildType="BUILD" Toolchain="">Generated_Source\PSoC5\Infrared3.c</File>
          <File BuildType="BUILD" Toolchain="">Generated_Source\PSoC5\Infrared3.h</File>
          <File BuildType="BUILD" Toolchain="">Generated_Source\PSoC5\AvoidL_aliases.h</File>
          <File BuildType="BUILD" Toolchain="">Generated_Source\PSoC5\AvoidL.c</File>
          <File BuildType="BUILD" Toolchain="">Generated_Source\PSoC5\AvoidL.h</File>
          <File BuildType="BUILD" Toolchain="">Generated_Source\PSoC5\AvoidR_aliases.h</File>
          <File BuildType="BUILD" Toolchain="">Generated_Source\PSoC5\AvoidR.c</File>
          <File BuildType="BUILD" Toolchain="">Generated_Source\PSoC5\AvoidR.h</File>
          <File BuildType="BUILD" Toolchain="">Generated_Source\PSoC5\AvoidL_isr.c</File>
          <File BuildType="BUILD" Toolchain="">Generated_Source\PSoC5\AvoidL_isr.h</File>
          <File BuildType="BUILD" Toolchain="">Generated_Source\PSoC5\AvoidR_isr.c</File>
          <File BuildType="BUILD" Toolchain="">Generated_Source\PSoC5\AvoidR_isr.h</File>
        </Files>
      </Folder>
      <Folder BuildType="STRICT" Path="D:\Year3\ECE 3091\Coding\FindingPuck(4)\Design01.cydsn\Export\ARM_GCC_Generic">
        <Files Root="D:\Year3\ECE 3091\Coding\FindingPuck(4)\Design01.cydsn">
          <File BuildType="BUILD" Toolchain="ARM GCC Generic">.\Export\ARM_GCC_Generic\CyComponentLibrary.a</File>
        </Files>
      </Folder>
      <Folder BuildType="STRICT" Path="D:\Year3\ECE 3091\Coding\FindingPuck(4)\Design01.cydsn\Export\ARM_MDK_Generic">
        <Files Root="D:\Year3\ECE 3091\Coding\FindingPuck(4)\Design01.cydsn">
          <File BuildType="BUILD" Toolchain="ARM MDK Generic">.\Export\ARM_MDK_Generic\CyComponentLibrary.a</File>
        </Files>
      </Folder>
      <Folder BuildType="STRICT" Path="D:\Year3\ECE 3091\Coding\FindingPuck(4)\Design01.cydsn\Export\ARM_IAR_Generic">
        <Files Root="D:\Year3\ECE 3091\Coding\FindingPuck(4)\Design01.cydsn">
          <File BuildType="BUILD" Toolchain="ARM IAR Generic">.\Export\ARM_IAR_Generic\CyComponentLibrary.a</File>
        </Files>
      </Folder>
      <Folder BuildType="EXCLUDE" Path=".\codegentemp">
        <Files Root="D:\Year3\ECE 3091\Coding\FindingPuck(4)\Design01.cydsn" />
      </Folder>
      <Folder BuildType="EXCLUDE" Path=".\ARM_GCC_441">
        <Files Root="D:\Year3\ECE 3091\Coding\FindingPuck(4)\Design01.cydsn" />
      </Folder>
      <Folder BuildType="EXCLUDE" Path=".\ARM_GCC_473">
        <Files Root="D:\Year3\ECE 3091\Coding\FindingPuck(4)\Design01.cydsn" />
      </Folder>
      <Folder BuildType="EXCLUDE" Path=".\DP8051_Keil_952">
        <Files Root="D:\Year3\ECE 3091\Coding\FindingPuck(4)\Design01.cydsn" />
      </Folder>
      <Folder BuildType="EXCLUDE" Path=".\DP8051">
        <Files Root="D:\Year3\ECE 3091\Coding\FindingPuck(4)\Design01.cydsn" />
      </Folder>
      <Folder BuildType="EXCLUDE" Path=".\CortexM0">
        <Files Root="D:\Year3\ECE 3091\Coding\FindingPuck(4)\Design01.cydsn" />
      </Folder>
      <Folder BuildType="EXCLUDE" Path=".\CortexM0p">
        <Files Root="D:\Year3\ECE 3091\Coding\FindingPuck(4)\Design01.cydsn" />
      </Folder>
      <Folder BuildType="EXCLUDE" Path=".\CortexM3">
        <Files Root="D:\Year3\ECE 3091\Coding\FindingPuck(4)\Design01.cydsn" />
      </Folder>
      <Folder BuildType="EXCLUDE" Path=".\CortexM4">
        <Files Root="D:\Year3\ECE 3091\Coding\FindingPuck(4)\Design01.cydsn" />
      </Folder>
      <Folder BuildType="EXCLUDE" Path=".\CortexM7">
        <Files Root="D:\Year3\ECE 3091\Coding\FindingPuck(4)\Design01.cydsn" />
      </Folder>
    </Folders>
  </Project>
</PSoCCreatorIdeExport>